CREATE DATABASE  IF NOT EXISTS `fleXtime` /*!40100 DEFAULT CHARACTER SET utf8 */;
USE `fleXtime`;
-- MySQL dump 10.13  Distrib 5.6.19, for osx10.7 (i386)
--
-- Host: localhost    Database: fleXtime
-- ------------------------------------------------------
-- Server version	5.6.20

/*!40101 SET @OLD_CHARACTER_SET_CLIENT=@@CHARACTER_SET_CLIENT */;
/*!40101 SET @OLD_CHARACTER_SET_RESULTS=@@CHARACTER_SET_RESULTS */;
/*!40101 SET @OLD_COLLATION_CONNECTION=@@COLLATION_CONNECTION */;
/*!40101 SET NAMES utf8 */;
/*!40103 SET @OLD_TIME_ZONE=@@TIME_ZONE */;
/*!40103 SET TIME_ZONE='+00:00' */;
/*!40014 SET @OLD_UNIQUE_CHECKS=@@UNIQUE_CHECKS, UNIQUE_CHECKS=0 */;
/*!40014 SET @OLD_FOREIGN_KEY_CHECKS=@@FOREIGN_KEY_CHECKS, FOREIGN_KEY_CHECKS=0 */;
/*!40101 SET @OLD_SQL_MODE=@@SQL_MODE, SQL_MODE='NO_AUTO_VALUE_ON_ZERO' */;
/*!40111 SET @OLD_SQL_NOTES=@@SQL_NOTES, SQL_NOTES=0 */;

--
-- Table structure for table `Absences`
--

DROP TABLE IF EXISTS `Absences`;
/*!40101 SET @saved_cs_client     = @@character_set_client */;
/*!40101 SET character_set_client = utf8 */;
CREATE TABLE `Absences` (
  `idAbsences` int(11) unsigned NOT NULL AUTO_INCREMENT,
  `idEmployee` int(11) unsigned NOT NULL,
  `type` varchar(45) NOT NULL,
  `begin` date NOT NULL,
  `end` date NOT NULL,
  `status` enum('Approved','Pending','Declined') NOT NULL DEFAULT 'Pending',
  `creation` datetime NOT NULL DEFAULT CURRENT_TIMESTAMP,
  `notes` mediumtext,
  PRIMARY KEY (`idAbsences`),
  KEY `FK_idEmployee_Absences_idx` (`idEmployee`),
  CONSTRAINT `FK_idEmployee_Absences` FOREIGN KEY (`idEmployee`) REFERENCES `Employee` (`idEmployee`) ON DELETE NO ACTION ON UPDATE NO ACTION
) ENGINE=InnoDB AUTO_INCREMENT=22 DEFAULT CHARSET=utf8;
/*!40101 SET character_set_client = @saved_cs_client */;

--
-- Dumping data for table `Absences`
--

LOCK TABLES `Absences` WRITE;
/*!40000 ALTER TABLE `Absences` DISABLE KEYS */;
INSERT INTO `Absences` VALUES (17,1,'Sickness','2014-12-01','2014-12-03','Approved','2014-12-06 02:02:19',''),(18,1,'Holiday','2014-12-04','2014-12-05','Approved','2014-12-06 02:02:32',''),(20,1,'Training','2014-12-01','2014-12-20','Pending','2014-12-07 13:18:20','Hello'),(21,1,'Sickness','2014-11-05','2014-11-19','Declined','2014-12-09 01:43:24','');
/*!40000 ALTER TABLE `Absences` ENABLE KEYS */;
UNLOCK TABLES;

--
-- Table structure for table `Calendar`
--

DROP TABLE IF EXISTS `Calendar`;
/*!40101 SET @saved_cs_client     = @@character_set_client */;
/*!40101 SET character_set_client = utf8 */;
CREATE TABLE `Calendar` (
  `date` date DEFAULT NULL
) ENGINE=InnoDB DEFAULT CHARSET=utf8;
/*!40101 SET character_set_client = @saved_cs_client */;

--
-- Dumping data for table `Calendar`
--

LOCK TABLES `Calendar` WRITE;
/*!40000 ALTER TABLE `Calendar` DISABLE KEYS */;
INSERT INTO `Calendar` VALUES ('2014-01-01'),('2014-01-02'),('2014-01-03'),('2014-01-04'),('2014-01-05'),('2014-01-06'),('2014-01-07'),('2014-01-08'),('2014-01-09'),('2014-01-10'),('2014-01-11'),('2014-01-12'),('2014-01-13'),('2014-01-14'),('2014-01-15'),('2014-01-16'),('2014-01-17'),('2014-01-18'),('2014-01-19'),('2014-01-20'),('2014-01-21'),('2014-01-22'),('2014-01-23'),('2014-01-24'),('2014-01-25'),('2014-01-26'),('2014-01-27'),('2014-01-28'),('2014-01-29'),('2014-01-30'),('2014-01-31'),('2014-02-01'),('2014-02-02'),('2014-02-03'),('2014-02-04'),('2014-02-05'),('2014-02-06'),('2014-02-07'),('2014-02-08'),('2014-02-09'),('2014-02-10'),('2014-02-11'),('2014-02-12'),('2014-02-13'),('2014-02-14'),('2014-02-15'),('2014-02-16'),('2014-02-17'),('2014-02-18'),('2014-02-19'),('2014-02-20'),('2014-02-21'),('2014-02-22'),('2014-02-23'),('2014-02-24'),('2014-02-25'),('2014-02-26'),('2014-02-27'),('2014-02-28'),('2014-03-01'),('2014-03-02'),('2014-03-03'),('2014-03-04'),('2014-03-05'),('2014-03-06'),('2014-03-07'),('2014-03-08'),('2014-03-09'),('2014-03-10'),('2014-03-11'),('2014-03-12'),('2014-03-13'),('2014-03-14'),('2014-03-15'),('2014-03-16'),('2014-03-17'),('2014-03-18'),('2014-03-19'),('2014-03-20'),('2014-03-21'),('2014-03-22'),('2014-03-23'),('2014-03-24'),('2014-03-25'),('2014-03-26'),('2014-03-27'),('2014-03-28'),('2014-03-29'),('2014-03-30'),('2014-03-31'),('2014-04-01'),('2014-04-02'),('2014-04-03'),('2014-04-04'),('2014-04-05'),('2014-04-06'),('2014-04-07'),('2014-04-08'),('2014-04-09'),('2014-04-10'),('2014-04-11'),('2014-04-12'),('2014-04-13'),('2014-04-14'),('2014-04-15'),('2014-04-16'),('2014-04-17'),('2014-04-18'),('2014-04-19'),('2014-04-20'),('2014-04-21'),('2014-04-22'),('2014-04-23'),('2014-04-24'),('2014-04-25'),('2014-04-26'),('2014-04-27'),('2014-04-28'),('2014-04-29'),('2014-04-30'),('2014-05-01'),('2014-05-02'),('2014-05-03'),('2014-05-04'),('2014-05-05'),('2014-05-06'),('2014-05-07'),('2014-05-08'),('2014-05-09'),('2014-05-10'),('2014-05-11'),('2014-05-12'),('2014-05-13'),('2014-05-14'),('2014-05-15'),('2014-05-16'),('2014-05-17'),('2014-05-18'),('2014-05-19'),('2014-05-20'),('2014-05-21'),('2014-05-22'),('2014-05-23'),('2014-05-24'),('2014-05-25'),('2014-05-26'),('2014-05-27'),('2014-05-28'),('2014-05-29'),('2014-05-30'),('2014-05-31'),('2014-06-01'),('2014-06-02'),('2014-06-03'),('2014-06-04'),('2014-06-05'),('2014-06-06'),('2014-06-07'),('2014-06-08'),('2014-06-09'),('2014-06-10'),('2014-06-11'),('2014-06-12'),('2014-06-13'),('2014-06-14'),('2014-06-15'),('2014-06-16'),('2014-06-17'),('2014-06-18'),('2014-06-19'),('2014-06-20'),('2014-06-21'),('2014-06-22'),('2014-06-23'),('2014-06-24'),('2014-06-25'),('2014-06-26'),('2014-06-27'),('2014-06-28'),('2014-06-29'),('2014-06-30'),('2014-07-01'),('2014-07-02'),('2014-07-03'),('2014-07-04'),('2014-07-05'),('2014-07-06'),('2014-07-07'),('2014-07-08'),('2014-07-09'),('2014-07-10'),('2014-07-11'),('2014-07-12'),('2014-07-13'),('2014-07-14'),('2014-07-15'),('2014-07-16'),('2014-07-17'),('2014-07-18'),('2014-07-19'),('2014-07-20'),('2014-07-21'),('2014-07-22'),('2014-07-23'),('2014-07-24'),('2014-07-25'),('2014-07-26'),('2014-07-27'),('2014-07-28'),('2014-07-29'),('2014-07-30'),('2014-07-31'),('2014-08-01'),('2014-08-02'),('2014-08-03'),('2014-08-04'),('2014-08-05'),('2014-08-06'),('2014-08-07'),('2014-08-08'),('2014-08-09'),('2014-08-10'),('2014-08-11'),('2014-08-12'),('2014-08-13'),('2014-08-14'),('2014-08-15'),('2014-08-16'),('2014-08-17'),('2014-08-18'),('2014-08-19'),('2014-08-20'),('2014-08-21'),('2014-08-22'),('2014-08-23'),('2014-08-24'),('2014-08-25'),('2014-08-26'),('2014-08-27'),('2014-08-28'),('2014-08-29'),('2014-08-30'),('2014-08-31'),('2014-09-01'),('2014-09-02'),('2014-09-03'),('2014-09-04'),('2014-09-05'),('2014-09-06'),('2014-09-07'),('2014-09-08'),('2014-09-09'),('2014-09-10'),('2014-09-11'),('2014-09-12'),('2014-09-13'),('2014-09-14'),('2014-09-15'),('2014-09-16'),('2014-09-17'),('2014-09-18'),('2014-09-19'),('2014-09-20'),('2014-09-21'),('2014-09-22'),('2014-09-23'),('2014-09-24'),('2014-09-25'),('2014-09-26'),('2014-09-27'),('2014-09-28'),('2014-09-29'),('2014-09-30'),('2014-10-01'),('2014-10-02'),('2014-10-03'),('2014-10-04'),('2014-10-05'),('2014-10-06'),('2014-10-07'),('2014-10-08'),('2014-10-09'),('2014-10-10'),('2014-10-11'),('2014-10-12'),('2014-10-13'),('2014-10-14'),('2014-10-15'),('2014-10-16'),('2014-10-17'),('2014-10-18'),('2014-10-19'),('2014-10-20'),('2014-10-21'),('2014-10-22'),('2014-10-23'),('2014-10-24'),('2014-10-25'),('2014-10-26'),('2014-10-27'),('2014-10-28'),('2014-10-29'),('2014-10-30'),('2014-10-31'),('2014-11-01'),('2014-11-02'),('2014-11-03'),('2014-11-04'),('2014-11-05'),('2014-11-06'),('2014-11-07'),('2014-11-08'),('2014-11-09'),('2014-11-10'),('2014-11-11'),('2014-11-12'),('2014-11-13'),('2014-11-14'),('2014-11-15'),('2014-11-16'),('2014-11-17'),('2014-11-18'),('2014-11-19'),('2014-11-20'),('2014-11-21'),('2014-11-22'),('2014-11-23'),('2014-11-24'),('2014-11-25'),('2014-11-26'),('2014-11-27'),('2014-11-28'),('2014-11-29'),('2014-11-30'),('2014-12-01'),('2014-12-02'),('2014-12-03'),('2014-12-04'),('2014-12-05'),('2014-12-06'),('2014-12-07'),('2014-12-08'),('2014-12-09'),('2014-12-10'),('2014-12-11'),('2014-12-12'),('2014-12-13'),('2014-12-14'),('2014-12-15'),('2014-12-16'),('2014-12-17'),('2014-12-18'),('2014-12-19'),('2014-12-20'),('2014-12-21'),('2014-12-22'),('2014-12-23'),('2014-12-24'),('2014-12-25'),('2014-12-26'),('2014-12-27'),('2014-12-28'),('2014-12-29'),('2014-12-30'),('2014-12-31'),('2015-01-01'),('2015-01-02'),('2015-01-03'),('2015-01-04'),('2015-01-05'),('2015-01-06'),('2015-01-07'),('2015-01-08'),('2015-01-09'),('2015-01-10'),('2015-01-11'),('2015-01-12'),('2015-01-13'),('2015-01-14'),('2015-01-15'),('2015-01-16'),('2015-01-17'),('2015-01-18'),('2015-01-19'),('2015-01-20'),('2015-01-21'),('2015-01-22'),('2015-01-23'),('2015-01-24'),('2015-01-25'),('2015-01-26'),('2015-01-27'),('2015-01-28'),('2015-01-29'),('2015-01-30'),('2015-01-31'),('2015-02-01'),('2015-02-02'),('2015-02-03'),('2015-02-04'),('2015-02-05'),('2015-02-06'),('2015-02-07'),('2015-02-08'),('2015-02-09'),('2015-02-10'),('2015-02-11'),('2015-02-12'),('2015-02-13'),('2015-02-14'),('2015-02-15'),('2015-02-16'),('2015-02-17'),('2015-02-18'),('2015-02-19'),('2015-02-20'),('2015-02-21'),('2015-02-22'),('2015-02-23'),('2015-02-24'),('2015-02-25'),('2015-02-26'),('2015-02-27'),('2015-02-28'),('2015-03-01'),('2015-03-02'),('2015-03-03'),('2015-03-04'),('2015-03-05'),('2015-03-06'),('2015-03-07'),('2015-03-08'),('2015-03-09'),('2015-03-10'),('2015-03-11'),('2015-03-12'),('2015-03-13'),('2015-03-14'),('2015-03-15'),('2015-03-16'),('2015-03-17'),('2015-03-18'),('2015-03-19'),('2015-03-20'),('2015-03-21'),('2015-03-22'),('2015-03-23'),('2015-03-24'),('2015-03-25'),('2015-03-26'),('2015-03-27'),('2015-03-28'),('2015-03-29'),('2015-03-30'),('2015-03-31'),('2015-04-01'),('2015-04-02'),('2015-04-03'),('2015-04-04'),('2015-04-05'),('2015-04-06'),('2015-04-07'),('2015-04-08'),('2015-04-09'),('2015-04-10'),('2015-04-11'),('2015-04-12'),('2015-04-13'),('2015-04-14'),('2015-04-15'),('2015-04-16'),('2015-04-17'),('2015-04-18'),('2015-04-19'),('2015-04-20'),('2015-04-21'),('2015-04-22'),('2015-04-23'),('2015-04-24'),('2015-04-25'),('2015-04-26'),('2015-04-27'),('2015-04-28'),('2015-04-29'),('2015-04-30'),('2015-05-01'),('2015-05-02'),('2015-05-03'),('2015-05-04'),('2015-05-05'),('2015-05-06'),('2015-05-07'),('2015-05-08'),('2015-05-09'),('2015-05-10'),('2015-05-11'),('2015-05-12'),('2015-05-13'),('2015-05-14'),('2015-05-15'),('2015-05-16'),('2015-05-17'),('2015-05-18'),('2015-05-19'),('2015-05-20'),('2015-05-21'),('2015-05-22'),('2015-05-23'),('2015-05-24'),('2015-05-25'),('2015-05-26'),('2015-05-27'),('2015-05-28'),('2015-05-29'),('2015-05-30'),('2015-05-31'),('2015-06-01'),('2015-06-02'),('2015-06-03'),('2015-06-04'),('2015-06-05'),('2015-06-06'),('2015-06-07'),('2015-06-08'),('2015-06-09'),('2015-06-10'),('2015-06-11'),('2015-06-12'),('2015-06-13'),('2015-06-14'),('2015-06-15'),('2015-06-16'),('2015-06-17'),('2015-06-18'),('2015-06-19'),('2015-06-20'),('2015-06-21'),('2015-06-22'),('2015-06-23'),('2015-06-24'),('2015-06-25'),('2015-06-26'),('2015-06-27'),('2015-06-28'),('2015-06-29'),('2015-06-30'),('2015-07-01'),('2015-07-02'),('2015-07-03'),('2015-07-04'),('2015-07-05'),('2015-07-06'),('2015-07-07'),('2015-07-08'),('2015-07-09'),('2015-07-10'),('2015-07-11'),('2015-07-12'),('2015-07-13'),('2015-07-14'),('2015-07-15'),('2015-07-16'),('2015-07-17'),('2015-07-18'),('2015-07-19'),('2015-07-20'),('2015-07-21'),('2015-07-22'),('2015-07-23'),('2015-07-24'),('2015-07-25'),('2015-07-26'),('2015-07-27'),('2015-07-28'),('2015-07-29'),('2015-07-30'),('2015-07-31'),('2015-08-01'),('2015-08-02'),('2015-08-03'),('2015-08-04'),('2015-08-05'),('2015-08-06'),('2015-08-07'),('2015-08-08'),('2015-08-09'),('2015-08-10'),('2015-08-11'),('2015-08-12'),('2015-08-13'),('2015-08-14'),('2015-08-15'),('2015-08-16'),('2015-08-17'),('2015-08-18'),('2015-08-19'),('2015-08-20'),('2015-08-21'),('2015-08-22'),('2015-08-23'),('2015-08-24'),('2015-08-25'),('2015-08-26'),('2015-08-27'),('2015-08-28'),('2015-08-29'),('2015-08-30'),('2015-08-31'),('2015-09-01'),('2015-09-02'),('2015-09-03'),('2015-09-04'),('2015-09-05'),('2015-09-06'),('2015-09-07'),('2015-09-08'),('2015-09-09'),('2015-09-10'),('2015-09-11'),('2015-09-12'),('2015-09-13'),('2015-09-14'),('2015-09-15'),('2015-09-16'),('2015-09-17'),('2015-09-18'),('2015-09-19'),('2015-09-20'),('2015-09-21'),('2015-09-22'),('2015-09-23'),('2015-09-24'),('2015-09-25'),('2015-09-26'),('2015-09-27'),('2015-09-28'),('2015-09-29'),('2015-09-30'),('2015-10-01'),('2015-10-02'),('2015-10-03'),('2015-10-04'),('2015-10-05'),('2015-10-06'),('2015-10-07'),('2015-10-08'),('2015-10-09'),('2015-10-10'),('2015-10-11'),('2015-10-12'),('2015-10-13'),('2015-10-14'),('2015-10-15'),('2015-10-16'),('2015-10-17'),('2015-10-18'),('2015-10-19'),('2015-10-20'),('2015-10-21'),('2015-10-22'),('2015-10-23'),('2015-10-24'),('2015-10-25'),('2015-10-26'),('2015-10-27'),('2015-10-28'),('2015-10-29'),('2015-10-30'),('2015-10-31'),('2015-11-01'),('2015-11-02'),('2015-11-03'),('2015-11-04'),('2015-11-05'),('2015-11-06'),('2015-11-07'),('2015-11-08'),('2015-11-09'),('2015-11-10'),('2015-11-11'),('2015-11-12'),('2015-11-13'),('2015-11-14'),('2015-11-15'),('2015-11-16'),('2015-11-17'),('2015-11-18'),('2015-11-19'),('2015-11-20'),('2015-11-21'),('2015-11-22'),('2015-11-23'),('2015-11-24'),('2015-11-25'),('2015-11-26'),('2015-11-27'),('2015-11-28'),('2015-11-29'),('2015-11-30'),('2015-12-01'),('2015-12-02'),('2015-12-03'),('2015-12-04'),('2015-12-05'),('2015-12-06'),('2015-12-07'),('2015-12-08'),('2015-12-09'),('2015-12-10'),('2015-12-11'),('2015-12-12'),('2015-12-13'),('2015-12-14'),('2015-12-15'),('2015-12-16'),('2015-12-17'),('2015-12-18'),('2015-12-19'),('2015-12-20'),('2015-12-21'),('2015-12-22'),('2015-12-23'),('2015-12-24'),('2015-12-25'),('2015-12-26'),('2015-12-27'),('2015-12-28'),('2015-12-29'),('2015-12-30'),('2015-12-31'),('2016-01-01'),('2016-01-02'),('2016-01-03'),('2016-01-04'),('2016-01-05'),('2016-01-06'),('2016-01-07'),('2016-01-08'),('2016-01-09'),('2016-01-10'),('2016-01-11'),('2016-01-12'),('2016-01-13'),('2016-01-14'),('2016-01-15'),('2016-01-16'),('2016-01-17'),('2016-01-18'),('2016-01-19'),('2016-01-20'),('2016-01-21'),('2016-01-22'),('2016-01-23'),('2016-01-24'),('2016-01-25'),('2016-01-26'),('2016-01-27'),('2016-01-28'),('2016-01-29'),('2016-01-30'),('2016-01-31'),('2016-02-01'),('2016-02-02'),('2016-02-03'),('2016-02-04'),('2016-02-05'),('2016-02-06'),('2016-02-07'),('2016-02-08'),('2016-02-09'),('2016-02-10'),('2016-02-11'),('2016-02-12'),('2016-02-13'),('2016-02-14'),('2016-02-15'),('2016-02-16'),('2016-02-17'),('2016-02-18'),('2016-02-19'),('2016-02-20'),('2016-02-21'),('2016-02-22'),('2016-02-23'),('2016-02-24'),('2016-02-25'),('2016-02-26'),('2016-02-27'),('2016-02-28'),('2016-02-29'),('2016-03-01'),('2016-03-02'),('2016-03-03'),('2016-03-04'),('2016-03-05'),('2016-03-06'),('2016-03-07'),('2016-03-08'),('2016-03-09'),('2016-03-10'),('2016-03-11'),('2016-03-12'),('2016-03-13'),('2016-03-14'),('2016-03-15'),('2016-03-16'),('2016-03-17'),('2016-03-18'),('2016-03-19'),('2016-03-20'),('2016-03-21'),('2016-03-22'),('2016-03-23'),('2016-03-24'),('2016-03-25'),('2016-03-26'),('2016-03-27'),('2016-03-28'),('2016-03-29'),('2016-03-30'),('2016-03-31'),('2016-04-01'),('2016-04-02'),('2016-04-03'),('2016-04-04'),('2016-04-05'),('2016-04-06'),('2016-04-07'),('2016-04-08'),('2016-04-09'),('2016-04-10'),('2016-04-11'),('2016-04-12'),('2016-04-13'),('2016-04-14'),('2016-04-15'),('2016-04-16'),('2016-04-17'),('2016-04-18'),('2016-04-19'),('2016-04-20'),('2016-04-21'),('2016-04-22'),('2016-04-23'),('2016-04-24'),('2016-04-25'),('2016-04-26'),('2016-04-27'),('2016-04-28'),('2016-04-29'),('2016-04-30'),('2016-05-01'),('2016-05-02'),('2016-05-03'),('2016-05-04'),('2016-05-05'),('2016-05-06'),('2016-05-07'),('2016-05-08'),('2016-05-09'),('2016-05-10'),('2016-05-11'),('2016-05-12'),('2016-05-13'),('2016-05-14'),('2016-05-15'),('2016-05-16'),('2016-05-17'),('2016-05-18'),('2016-05-19'),('2016-05-20'),('2016-05-21'),('2016-05-22'),('2016-05-23'),('2016-05-24'),('2016-05-25'),('2016-05-26'),('2016-05-27'),('2016-05-28'),('2016-05-29'),('2016-05-30'),('2016-05-31'),('2016-06-01'),('2016-06-02'),('2016-06-03'),('2016-06-04'),('2016-06-05'),('2016-06-06'),('2016-06-07'),('2016-06-08'),('2016-06-09'),('2016-06-10'),('2016-06-11'),('2016-06-12'),('2016-06-13'),('2016-06-14'),('2016-06-15'),('2016-06-16'),('2016-06-17'),('2016-06-18'),('2016-06-19'),('2016-06-20'),('2016-06-21'),('2016-06-22'),('2016-06-23'),('2016-06-24'),('2016-06-25'),('2016-06-26'),('2016-06-27'),('2016-06-28'),('2016-06-29'),('2016-06-30'),('2016-07-01'),('2016-07-02'),('2016-07-03'),('2016-07-04'),('2016-07-05'),('2016-07-06'),('2016-07-07'),('2016-07-08'),('2016-07-09'),('2016-07-10'),('2016-07-11'),('2016-07-12'),('2016-07-13'),('2016-07-14'),('2016-07-15'),('2016-07-16'),('2016-07-17'),('2016-07-18'),('2016-07-19'),('2016-07-20'),('2016-07-21'),('2016-07-22'),('2016-07-23'),('2016-07-24'),('2016-07-25'),('2016-07-26'),('2016-07-27'),('2016-07-28'),('2016-07-29'),('2016-07-30'),('2016-07-31'),('2016-08-01'),('2016-08-02'),('2016-08-03'),('2016-08-04'),('2016-08-05'),('2016-08-06'),('2016-08-07'),('2016-08-08'),('2016-08-09'),('2016-08-10'),('2016-08-11'),('2016-08-12'),('2016-08-13'),('2016-08-14'),('2016-08-15'),('2016-08-16'),('2016-08-17'),('2016-08-18'),('2016-08-19'),('2016-08-20'),('2016-08-21'),('2016-08-22'),('2016-08-23'),('2016-08-24'),('2016-08-25'),('2016-08-26'),('2016-08-27'),('2016-08-28'),('2016-08-29'),('2016-08-30'),('2016-08-31'),('2016-09-01'),('2016-09-02'),('2016-09-03'),('2016-09-04'),('2016-09-05'),('2016-09-06'),('2016-09-07'),('2016-09-08'),('2016-09-09'),('2016-09-10'),('2016-09-11'),('2016-09-12'),('2016-09-13'),('2016-09-14'),('2016-09-15'),('2016-09-16'),('2016-09-17'),('2016-09-18'),('2016-09-19'),('2016-09-20'),('2016-09-21'),('2016-09-22'),('2016-09-23'),('2016-09-24'),('2016-09-25'),('2016-09-26'),('2016-09-27'),('2016-09-28'),('2016-09-29'),('2016-09-30'),('2016-10-01'),('2016-10-02'),('2016-10-03'),('2016-10-04'),('2016-10-05'),('2016-10-06'),('2016-10-07'),('2016-10-08'),('2016-10-09'),('2016-10-10'),('2016-10-11'),('2016-10-12'),('2016-10-13'),('2016-10-14'),('2016-10-15'),('2016-10-16'),('2016-10-17'),('2016-10-18'),('2016-10-19'),('2016-10-20'),('2016-10-21'),('2016-10-22'),('2016-10-23'),('2016-10-24'),('2016-10-25'),('2016-10-26'),('2016-10-27'),('2016-10-28'),('2016-10-29'),('2016-10-30'),('2016-10-31'),('2016-11-01'),('2016-11-02'),('2016-11-03'),('2016-11-04'),('2016-11-05'),('2016-11-06'),('2016-11-07'),('2016-11-08'),('2016-11-09'),('2016-11-10'),('2016-11-11'),('2016-11-12'),('2016-11-13'),('2016-11-14'),('2016-11-15'),('2016-11-16'),('2016-11-17'),('2016-11-18'),('2016-11-19'),('2016-11-20'),('2016-11-21'),('2016-11-22'),('2016-11-23'),('2016-11-24'),('2016-11-25'),('2016-11-26'),('2016-11-27'),('2016-11-28'),('2016-11-29'),('2016-11-30'),('2016-12-01'),('2016-12-02'),('2016-12-03'),('2016-12-04'),('2016-12-05'),('2016-12-06'),('2016-12-07'),('2016-12-08'),('2016-12-09'),('2016-12-10'),('2016-12-11'),('2016-12-12'),('2016-12-13'),('2016-12-14'),('2016-12-15'),('2016-12-16'),('2016-12-17'),('2016-12-18'),('2016-12-19'),('2016-12-20'),('2016-12-21'),('2016-12-22'),('2016-12-23'),('2016-12-24'),('2016-12-25'),('2016-12-26'),('2016-12-27'),('2016-12-28'),('2016-12-29'),('2016-12-30'),('2016-12-31'),('2017-01-01'),('2017-01-02'),('2017-01-03'),('2017-01-04'),('2017-01-05'),('2017-01-06'),('2017-01-07'),('2017-01-08'),('2017-01-09'),('2017-01-10'),('2017-01-11'),('2017-01-12'),('2017-01-13'),('2017-01-14'),('2017-01-15'),('2017-01-16'),('2017-01-17'),('2017-01-18'),('2017-01-19'),('2017-01-20'),('2017-01-21'),('2017-01-22'),('2017-01-23'),('2017-01-24'),('2017-01-25'),('2017-01-26'),('2017-01-27'),('2017-01-28'),('2017-01-29'),('2017-01-30'),('2017-01-31'),('2017-02-01'),('2017-02-02'),('2017-02-03'),('2017-02-04'),('2017-02-05'),('2017-02-06'),('2017-02-07'),('2017-02-08'),('2017-02-09'),('2017-02-10'),('2017-02-11'),('2017-02-12'),('2017-02-13'),('2017-02-14'),('2017-02-15'),('2017-02-16'),('2017-02-17'),('2017-02-18'),('2017-02-19'),('2017-02-20'),('2017-02-21'),('2017-02-22'),('2017-02-23'),('2017-02-24'),('2017-02-25'),('2017-02-26'),('2017-02-27'),('2017-02-28'),('2017-03-01'),('2017-03-02'),('2017-03-03'),('2017-03-04'),('2017-03-05'),('2017-03-06'),('2017-03-07'),('2017-03-08'),('2017-03-09'),('2017-03-10'),('2017-03-11'),('2017-03-12'),('2017-03-13'),('2017-03-14'),('2017-03-15'),('2017-03-16'),('2017-03-17'),('2017-03-18'),('2017-03-19'),('2017-03-20'),('2017-03-21'),('2017-03-22'),('2017-03-23'),('2017-03-24'),('2017-03-25'),('2017-03-26'),('2017-03-27'),('2017-03-28'),('2017-03-29'),('2017-03-30'),('2017-03-31'),('2017-04-01'),('2017-04-02'),('2017-04-03'),('2017-04-04'),('2017-04-05'),('2017-04-06'),('2017-04-07'),('2017-04-08'),('2017-04-09'),('2017-04-10'),('2017-04-11'),('2017-04-12'),('2017-04-13'),('2017-04-14'),('2017-04-15'),('2017-04-16'),('2017-04-17'),('2017-04-18'),('2017-04-19'),('2017-04-20'),('2017-04-21'),('2017-04-22'),('2017-04-23'),('2017-04-24'),('2017-04-25'),('2017-04-26'),('2017-04-27'),('2017-04-28'),('2017-04-29'),('2017-04-30'),('2017-05-01'),('2017-05-02'),('2017-05-03'),('2017-05-04'),('2017-05-05'),('2017-05-06'),('2017-05-07'),('2017-05-08'),('2017-05-09'),('2017-05-10'),('2017-05-11'),('2017-05-12'),('2017-05-13'),('2017-05-14'),('2017-05-15'),('2017-05-16'),('2017-05-17'),('2017-05-18'),('2017-05-19'),('2017-05-20'),('2017-05-21'),('2017-05-22'),('2017-05-23'),('2017-05-24'),('2017-05-25'),('2017-05-26'),('2017-05-27'),('2017-05-28'),('2017-05-29'),('2017-05-30'),('2017-05-31'),('2017-06-01'),('2017-06-02'),('2017-06-03'),('2017-06-04'),('2017-06-05'),('2017-06-06'),('2017-06-07'),('2017-06-08'),('2017-06-09'),('2017-06-10'),('2017-06-11'),('2017-06-12'),('2017-06-13'),('2017-06-14'),('2017-06-15'),('2017-06-16'),('2017-06-17'),('2017-06-18'),('2017-06-19'),('2017-06-20'),('2017-06-21'),('2017-06-22'),('2017-06-23'),('2017-06-24'),('2017-06-25'),('2017-06-26'),('2017-06-27'),('2017-06-28'),('2017-06-29'),('2017-06-30'),('2017-07-01'),('2017-07-02'),('2017-07-03'),('2017-07-04'),('2017-07-05'),('2017-07-06'),('2017-07-07'),('2017-07-08'),('2017-07-09'),('2017-07-10'),('2017-07-11'),('2017-07-12'),('2017-07-13'),('2017-07-14'),('2017-07-15'),('2017-07-16'),('2017-07-17'),('2017-07-18'),('2017-07-19'),('2017-07-20'),('2017-07-21'),('2017-07-22'),('2017-07-23'),('2017-07-24'),('2017-07-25'),('2017-07-26'),('2017-07-27'),('2017-07-28'),('2017-07-29'),('2017-07-30'),('2017-07-31'),('2017-08-01'),('2017-08-02'),('2017-08-03'),('2017-08-04'),('2017-08-05'),('2017-08-06'),('2017-08-07'),('2017-08-08'),('2017-08-09'),('2017-08-10'),('2017-08-11'),('2017-08-12'),('2017-08-13'),('2017-08-14'),('2017-08-15'),('2017-08-16'),('2017-08-17'),('2017-08-18'),('2017-08-19'),('2017-08-20'),('2017-08-21'),('2017-08-22'),('2017-08-23'),('2017-08-24'),('2017-08-25'),('2017-08-26'),('2017-08-27'),('2017-08-28'),('2017-08-29'),('2017-08-30'),('2017-08-31'),('2017-09-01'),('2017-09-02'),('2017-09-03'),('2017-09-04'),('2017-09-05'),('2017-09-06'),('2017-09-07'),('2017-09-08'),('2017-09-09'),('2017-09-10'),('2017-09-11'),('2017-09-12'),('2017-09-13'),('2017-09-14'),('2017-09-15'),('2017-09-16'),('2017-09-17'),('2017-09-18'),('2017-09-19'),('2017-09-20'),('2017-09-21'),('2017-09-22'),('2017-09-23'),('2017-09-24'),('2017-09-25'),('2017-09-26'),('2017-09-27'),('2017-09-28'),('2017-09-29'),('2017-09-30'),('2017-10-01'),('2017-10-02'),('2017-10-03'),('2017-10-04'),('2017-10-05'),('2017-10-06'),('2017-10-07'),('2017-10-08'),('2017-10-09'),('2017-10-10'),('2017-10-11'),('2017-10-12'),('2017-10-13'),('2017-10-14'),('2017-10-15'),('2017-10-16'),('2017-10-17'),('2017-10-18'),('2017-10-19'),('2017-10-20'),('2017-10-21'),('2017-10-22'),('2017-10-23'),('2017-10-24'),('2017-10-25'),('2017-10-26'),('2017-10-27'),('2017-10-28'),('2017-10-29'),('2017-10-30'),('2017-10-31'),('2017-11-01'),('2017-11-02'),('2017-11-03'),('2017-11-04'),('2017-11-05'),('2017-11-06'),('2017-11-07'),('2017-11-08'),('2017-11-09'),('2017-11-10'),('2017-11-11'),('2017-11-12'),('2017-11-13'),('2017-11-14'),('2017-11-15'),('2017-11-16'),('2017-11-17'),('2017-11-18'),('2017-11-19'),('2017-11-20'),('2017-11-21'),('2017-11-22'),('2017-11-23'),('2017-11-24'),('2017-11-25'),('2017-11-26'),('2017-11-27'),('2017-11-28'),('2017-11-29'),('2017-11-30'),('2017-12-01'),('2017-12-02'),('2017-12-03'),('2017-12-04'),('2017-12-05'),('2017-12-06'),('2017-12-07'),('2017-12-08'),('2017-12-09'),('2017-12-10'),('2017-12-11'),('2017-12-12'),('2017-12-13'),('2017-12-14'),('2017-12-15'),('2017-12-16'),('2017-12-17'),('2017-12-18'),('2017-12-19'),('2017-12-20'),('2017-12-21'),('2017-12-22'),('2017-12-23'),('2017-12-24'),('2017-12-25'),('2017-12-26'),('2017-12-27'),('2017-12-28'),('2017-12-29'),('2017-12-30'),('2017-12-31'),('2018-01-01'),('2018-01-02'),('2018-01-03'),('2018-01-04'),('2018-01-05'),('2018-01-06'),('2018-01-07'),('2018-01-08'),('2018-01-09'),('2018-01-10'),('2018-01-11'),('2018-01-12'),('2018-01-13'),('2018-01-14'),('2018-01-15'),('2018-01-16'),('2018-01-17'),('2018-01-18'),('2018-01-19'),('2018-01-20'),('2018-01-21'),('2018-01-22'),('2018-01-23'),('2018-01-24'),('2018-01-25'),('2018-01-26'),('2018-01-27'),('2018-01-28'),('2018-01-29'),('2018-01-30'),('2018-01-31'),('2018-02-01'),('2018-02-02'),('2018-02-03'),('2018-02-04'),('2018-02-05'),('2018-02-06'),('2018-02-07'),('2018-02-08'),('2018-02-09'),('2018-02-10'),('2018-02-11'),('2018-02-12'),('2018-02-13'),('2018-02-14'),('2018-02-15'),('2018-02-16'),('2018-02-17'),('2018-02-18'),('2018-02-19'),('2018-02-20'),('2018-02-21'),('2018-02-22'),('2018-02-23'),('2018-02-24'),('2018-02-25'),('2018-02-26'),('2018-02-27'),('2018-02-28'),('2018-03-01'),('2018-03-02'),('2018-03-03'),('2018-03-04'),('2018-03-05'),('2018-03-06'),('2018-03-07'),('2018-03-08'),('2018-03-09'),('2018-03-10'),('2018-03-11'),('2018-03-12'),('2018-03-13'),('2018-03-14'),('2018-03-15'),('2018-03-16'),('2018-03-17'),('2018-03-18'),('2018-03-19'),('2018-03-20'),('2018-03-21'),('2018-03-22'),('2018-03-23'),('2018-03-24'),('2018-03-25'),('2018-03-26'),('2018-03-27'),('2018-03-28'),('2018-03-29'),('2018-03-30'),('2018-03-31'),('2018-04-01'),('2018-04-02'),('2018-04-03'),('2018-04-04'),('2018-04-05'),('2018-04-06'),('2018-04-07'),('2018-04-08'),('2018-04-09'),('2018-04-10'),('2018-04-11'),('2018-04-12'),('2018-04-13'),('2018-04-14'),('2018-04-15'),('2018-04-16'),('2018-04-17'),('2018-04-18'),('2018-04-19'),('2018-04-20'),('2018-04-21'),('2018-04-22'),('2018-04-23'),('2018-04-24'),('2018-04-25'),('2018-04-26'),('2018-04-27'),('2018-04-28'),('2018-04-29'),('2018-04-30'),('2018-05-01'),('2018-05-02'),('2018-05-03'),('2018-05-04'),('2018-05-05'),('2018-05-06'),('2018-05-07'),('2018-05-08'),('2018-05-09'),('2018-05-10'),('2018-05-11'),('2018-05-12'),('2018-05-13'),('2018-05-14'),('2018-05-15'),('2018-05-16'),('2018-05-17'),('2018-05-18'),('2018-05-19'),('2018-05-20'),('2018-05-21'),('2018-05-22'),('2018-05-23'),('2018-05-24'),('2018-05-25'),('2018-05-26'),('2018-05-27'),('2018-05-28'),('2018-05-29'),('2018-05-30'),('2018-05-31'),('2018-06-01'),('2018-06-02'),('2018-06-03'),('2018-06-04'),('2018-06-05'),('2018-06-06'),('2018-06-07'),('2018-06-08'),('2018-06-09'),('2018-06-10'),('2018-06-11'),('2018-06-12'),('2018-06-13'),('2018-06-14'),('2018-06-15'),('2018-06-16'),('2018-06-17'),('2018-06-18'),('2018-06-19'),('2018-06-20'),('2018-06-21'),('2018-06-22'),('2018-06-23'),('2018-06-24'),('2018-06-25'),('2018-06-26'),('2018-06-27'),('2018-06-28'),('2018-06-29'),('2018-06-30'),('2018-07-01'),('2018-07-02'),('2018-07-03'),('2018-07-04'),('2018-07-05'),('2018-07-06'),('2018-07-07'),('2018-07-08'),('2018-07-09'),('2018-07-10'),('2018-07-11'),('2018-07-12'),('2018-07-13'),('2018-07-14'),('2018-07-15'),('2018-07-16'),('2018-07-17'),('2018-07-18'),('2018-07-19'),('2018-07-20'),('2018-07-21'),('2018-07-22'),('2018-07-23'),('2018-07-24'),('2018-07-25'),('2018-07-26'),('2018-07-27'),('2018-07-28'),('2018-07-29'),('2018-07-30'),('2018-07-31'),('2018-08-01'),('2018-08-02'),('2018-08-03'),('2018-08-04'),('2018-08-05'),('2018-08-06'),('2018-08-07'),('2018-08-08'),('2018-08-09'),('2018-08-10'),('2018-08-11'),('2018-08-12'),('2018-08-13'),('2018-08-14'),('2018-08-15'),('2018-08-16'),('2018-08-17'),('2018-08-18'),('2018-08-19'),('2018-08-20'),('2018-08-21'),('2018-08-22'),('2018-08-23'),('2018-08-24'),('2018-08-25'),('2018-08-26'),('2018-08-27'),('2018-08-28'),('2018-08-29'),('2018-08-30'),('2018-08-31'),('2018-09-01'),('2018-09-02'),('2018-09-03'),('2018-09-04'),('2018-09-05'),('2018-09-06'),('2018-09-07'),('2018-09-08'),('2018-09-09'),('2018-09-10'),('2018-09-11'),('2018-09-12'),('2018-09-13'),('2018-09-14'),('2018-09-15'),('2018-09-16'),('2018-09-17'),('2018-09-18'),('2018-09-19'),('2018-09-20'),('2018-09-21'),('2018-09-22'),('2018-09-23'),('2018-09-24'),('2018-09-25'),('2018-09-26'),('2018-09-27'),('2018-09-28'),('2018-09-29'),('2018-09-30'),('2018-10-01'),('2018-10-02'),('2018-10-03'),('2018-10-04'),('2018-10-05'),('2018-10-06'),('2018-10-07'),('2018-10-08'),('2018-10-09'),('2018-10-10'),('2018-10-11'),('2018-10-12'),('2018-10-13'),('2018-10-14'),('2018-10-15'),('2018-10-16'),('2018-10-17'),('2018-10-18'),('2018-10-19'),('2018-10-20'),('2018-10-21'),('2018-10-22'),('2018-10-23'),('2018-10-24'),('2018-10-25'),('2018-10-26'),('2018-10-27'),('2018-10-28'),('2018-10-29'),('2018-10-30'),('2018-10-31'),('2018-11-01'),('2018-11-02'),('2018-11-03'),('2018-11-04'),('2018-11-05'),('2018-11-06'),('2018-11-07'),('2018-11-08'),('2018-11-09'),('2018-11-10'),('2018-11-11'),('2018-11-12'),('2018-11-13'),('2018-11-14'),('2018-11-15'),('2018-11-16'),('2018-11-17'),('2018-11-18'),('2018-11-19'),('2018-11-20'),('2018-11-21'),('2018-11-22'),('2018-11-23'),('2018-11-24'),('2018-11-25'),('2018-11-26'),('2018-11-27'),('2018-11-28'),('2018-11-29'),('2018-11-30'),('2018-12-01'),('2018-12-02'),('2018-12-03'),('2018-12-04'),('2018-12-05'),('2018-12-06'),('2018-12-07'),('2018-12-08'),('2018-12-09'),('2018-12-10'),('2018-12-11'),('2018-12-12'),('2018-12-13'),('2018-12-14'),('2018-12-15'),('2018-12-16'),('2018-12-17'),('2018-12-18'),('2018-12-19'),('2018-12-20'),('2018-12-21'),('2018-12-22'),('2018-12-23'),('2018-12-24'),('2018-12-25'),('2018-12-26'),('2018-12-27'),('2018-12-28'),('2018-12-29'),('2018-12-30'),('2018-12-31'),('2019-01-01'),('2019-01-02'),('2019-01-03'),('2019-01-04'),('2019-01-05'),('2019-01-06'),('2019-01-07'),('2019-01-08'),('2019-01-09'),('2019-01-10'),('2019-01-11'),('2019-01-12'),('2019-01-13'),('2019-01-14'),('2019-01-15'),('2019-01-16'),('2019-01-17'),('2019-01-18'),('2019-01-19'),('2019-01-20'),('2019-01-21'),('2019-01-22'),('2019-01-23'),('2019-01-24'),('2019-01-25'),('2019-01-26'),('2019-01-27'),('2019-01-28'),('2019-01-29'),('2019-01-30'),('2019-01-31'),('2019-02-01'),('2019-02-02'),('2019-02-03'),('2019-02-04'),('2019-02-05'),('2019-02-06'),('2019-02-07'),('2019-02-08'),('2019-02-09'),('2019-02-10'),('2019-02-11'),('2019-02-12'),('2019-02-13'),('2019-02-14'),('2019-02-15'),('2019-02-16'),('2019-02-17'),('2019-02-18'),('2019-02-19'),('2019-02-20'),('2019-02-21'),('2019-02-22'),('2019-02-23'),('2019-02-24'),('2019-02-25'),('2019-02-26'),('2019-02-27'),('2019-02-28'),('2019-03-01'),('2019-03-02'),('2019-03-03'),('2019-03-04'),('2019-03-05'),('2019-03-06'),('2019-03-07'),('2019-03-08'),('2019-03-09'),('2019-03-10'),('2019-03-11'),('2019-03-12'),('2019-03-13'),('2019-03-14'),('2019-03-15'),('2019-03-16'),('2019-03-17'),('2019-03-18'),('2019-03-19'),('2019-03-20'),('2019-03-21'),('2019-03-22'),('2019-03-23'),('2019-03-24'),('2019-03-25'),('2019-03-26'),('2019-03-27'),('2019-03-28'),('2019-03-29'),('2019-03-30'),('2019-03-31'),('2019-04-01'),('2019-04-02'),('2019-04-03'),('2019-04-04'),('2019-04-05'),('2019-04-06'),('2019-04-07'),('2019-04-08'),('2019-04-09'),('2019-04-10'),('2019-04-11'),('2019-04-12'),('2019-04-13'),('2019-04-14'),('2019-04-15'),('2019-04-16'),('2019-04-17'),('2019-04-18'),('2019-04-19'),('2019-04-20'),('2019-04-21'),('2019-04-22'),('2019-04-23'),('2019-04-24'),('2019-04-25'),('2019-04-26'),('2019-04-27'),('2019-04-28'),('2019-04-29'),('2019-04-30'),('2019-05-01'),('2019-05-02'),('2019-05-03'),('2019-05-04'),('2019-05-05'),('2019-05-06'),('2019-05-07'),('2019-05-08'),('2019-05-09'),('2019-05-10'),('2019-05-11'),('2019-05-12'),('2019-05-13'),('2019-05-14'),('2019-05-15'),('2019-05-16'),('2019-05-17'),('2019-05-18'),('2019-05-19'),('2019-05-20'),('2019-05-21'),('2019-05-22'),('2019-05-23'),('2019-05-24'),('2019-05-25'),('2019-05-26'),('2019-05-27'),('2019-05-28'),('2019-05-29'),('2019-05-30'),('2019-05-31'),('2019-06-01'),('2019-06-02'),('2019-06-03'),('2019-06-04'),('2019-06-05'),('2019-06-06'),('2019-06-07'),('2019-06-08'),('2019-06-09'),('2019-06-10'),('2019-06-11'),('2019-06-12'),('2019-06-13'),('2019-06-14'),('2019-06-15'),('2019-06-16'),('2019-06-17'),('2019-06-18'),('2019-06-19'),('2019-06-20'),('2019-06-21'),('2019-06-22'),('2019-06-23'),('2019-06-24'),('2019-06-25'),('2019-06-26'),('2019-06-27'),('2019-06-28'),('2019-06-29'),('2019-06-30'),('2019-07-01'),('2019-07-02'),('2019-07-03'),('2019-07-04'),('2019-07-05'),('2019-07-06'),('2019-07-07'),('2019-07-08'),('2019-07-09'),('2019-07-10'),('2019-07-11'),('2019-07-12'),('2019-07-13'),('2019-07-14'),('2019-07-15'),('2019-07-16'),('2019-07-17'),('2019-07-18'),('2019-07-19'),('2019-07-20'),('2019-07-21'),('2019-07-22'),('2019-07-23'),('2019-07-24'),('2019-07-25'),('2019-07-26'),('2019-07-27'),('2019-07-28'),('2019-07-29'),('2019-07-30'),('2019-07-31'),('2019-08-01'),('2019-08-02'),('2019-08-03'),('2019-08-04'),('2019-08-05'),('2019-08-06'),('2019-08-07'),('2019-08-08'),('2019-08-09'),('2019-08-10'),('2019-08-11'),('2019-08-12'),('2019-08-13'),('2019-08-14'),('2019-08-15'),('2019-08-16'),('2019-08-17'),('2019-08-18'),('2019-08-19'),('2019-08-20'),('2019-08-21'),('2019-08-22'),('2019-08-23'),('2019-08-24'),('2019-08-25'),('2019-08-26'),('2019-08-27'),('2019-08-28'),('2019-08-29'),('2019-08-30'),('2019-08-31'),('2019-09-01'),('2019-09-02'),('2019-09-03'),('2019-09-04'),('2019-09-05'),('2019-09-06'),('2019-09-07'),('2019-09-08'),('2019-09-09'),('2019-09-10'),('2019-09-11'),('2019-09-12'),('2019-09-13'),('2019-09-14'),('2019-09-15'),('2019-09-16'),('2019-09-17'),('2019-09-18'),('2019-09-19'),('2019-09-20'),('2019-09-21'),('2019-09-22'),('2019-09-23'),('2019-09-24'),('2019-09-25'),('2019-09-26'),('2019-09-27'),('2019-09-28'),('2019-09-29'),('2019-09-30'),('2019-10-01'),('2019-10-02'),('2019-10-03'),('2019-10-04'),('2019-10-05'),('2019-10-06'),('2019-10-07'),('2019-10-08'),('2019-10-09'),('2019-10-10'),('2019-10-11'),('2019-10-12'),('2019-10-13'),('2019-10-14'),('2019-10-15'),('2019-10-16'),('2019-10-17'),('2019-10-18'),('2019-10-19'),('2019-10-20'),('2019-10-21'),('2019-10-22'),('2019-10-23'),('2019-10-24'),('2019-10-25'),('2019-10-26'),('2019-10-27'),('2019-10-28'),('2019-10-29'),('2019-10-30'),('2019-10-31'),('2019-11-01'),('2019-11-02'),('2019-11-03'),('2019-11-04'),('2019-11-05'),('2019-11-06'),('2019-11-07'),('2019-11-08'),('2019-11-09'),('2019-11-10'),('2019-11-11'),('2019-11-12'),('2019-11-13'),('2019-11-14'),('2019-11-15'),('2019-11-16'),('2019-11-17'),('2019-11-18'),('2019-11-19'),('2019-11-20'),('2019-11-21'),('2019-11-22'),('2019-11-23'),('2019-11-24'),('2019-11-25'),('2019-11-26'),('2019-11-27'),('2019-11-28'),('2019-11-29'),('2019-11-30'),('2019-12-01'),('2019-12-02'),('2019-12-03'),('2019-12-04'),('2019-12-05'),('2019-12-06'),('2019-12-07'),('2019-12-08'),('2019-12-09'),('2019-12-10'),('2019-12-11'),('2019-12-12'),('2019-12-13'),('2019-12-14'),('2019-12-15'),('2019-12-16'),('2019-12-17'),('2019-12-18'),('2019-12-19'),('2019-12-20'),('2019-12-21'),('2019-12-22'),('2019-12-23'),('2019-12-24'),('2019-12-25'),('2019-12-26'),('2019-12-27'),('2019-12-28'),('2019-12-29'),('2019-12-30'),('2019-12-31');
/*!40000 ALTER TABLE `Calendar` ENABLE KEYS */;
UNLOCK TABLES;

--
-- Table structure for table `Department`
--

DROP TABLE IF EXISTS `Department`;
/*!40101 SET @saved_cs_client     = @@character_set_client */;
/*!40101 SET character_set_client = utf8 */;
CREATE TABLE `Department` (
  `idDepartment` int(11) unsigned NOT NULL AUTO_INCREMENT,
  `name` varchar(45) NOT NULL,
  PRIMARY KEY (`idDepartment`),
  UNIQUE KEY `name_UNIQUE` (`name`)
) ENGINE=InnoDB AUTO_INCREMENT=31 DEFAULT CHARSET=utf8;
/*!40101 SET character_set_client = @saved_cs_client */;

--
-- Dumping data for table `Department`
--

LOCK TABLES `Department` WRITE;
/*!40000 ALTER TABLE `Department` DISABLE KEYS */;
INSERT INTO `Department` VALUES (28,'a'),(25,'adsfa'),(26,'asdfadsf'),(27,'asdfas'),(2,'Informatik'),(29,'lkkjh'),(1,'Mathematik'),(30,'nnn'),(3,'Philosophie');
/*!40000 ALTER TABLE `Department` ENABLE KEYS */;
UNLOCK TABLES;

--
-- Table structure for table `Employee`
--

DROP TABLE IF EXISTS `Employee`;
/*!40101 SET @saved_cs_client     = @@character_set_client */;
/*!40101 SET character_set_client = utf8 */;
CREATE TABLE `Employee` (
  `idEmployee` int(11) unsigned NOT NULL AUTO_INCREMENT,
  `idDepartment` int(11) unsigned DEFAULT NULL,
  `firstname` varchar(45) NOT NULL DEFAULT '',
  `lastname` varchar(45) NOT NULL DEFAULT '',
  `username` varchar(45) DEFAULT NULL,
  `email` varchar(45) DEFAULT NULL,
  `password` varchar(45) NOT NULL DEFAULT '',
  `accessLevel` int(11) DEFAULT '1',
  `status` enum('Active','Disabled','Deactivated') NOT NULL DEFAULT 'Deactivated',
  `creation` datetime DEFAULT CURRENT_TIMESTAMP,
  `lastLogin` datetime DEFAULT NULL,
  `numOfPeriods` tinyint(2) NOT NULL DEFAULT '2',
  `showNotes` enum('Yes','No') NOT NULL DEFAULT 'Yes',
  `showMessages` enum('Yes','No') NOT NULL DEFAULT 'Yes',
  PRIMARY KEY (`idEmployee`),
  UNIQUE KEY `username_UNIQUE` (`username`),
  UNIQUE KEY `email_UNIQUE` (`email`),
  KEY `FK_idDepartment_Employee_idx` (`idDepartment`),
  CONSTRAINT `FK_idDepartment_Employee` FOREIGN KEY (`idDepartment`) REFERENCES `Department` (`idDepartment`) ON UPDATE CASCADE
) ENGINE=InnoDB AUTO_INCREMENT=100 DEFAULT CHARSET=utf8;
/*!40101 SET character_set_client = @saved_cs_client */;

--
-- Dumping data for table `Employee`
--

LOCK TABLES `Employee` WRITE;
/*!40000 ALTER TABLE `Employee` DISABLE KEYS */;
INSERT INTO `Employee` VALUES (1,1,'Daniel','Besmer','besmerd',NULL,'test',1000,'Active','2014-11-30 22:47:01','2014-12-09 11:22:44',3,'Yes','No'),(2,2,'Jane','Doe','admin',NULL,'test',1000,'Active','2014-12-01 00:45:42','2014-12-01 01:17:09',3,'Yes','Yes'),(3,3,'John','Doe','manager',NULL,'test',100,'Active','2014-12-01 02:05:57','2014-12-06 16:05:07',2,'Yes','Yes'),(44,1,'Stasia','Bashaw','stabas',NULL,'test',10,'Disabled','2014-12-06 03:16:03',NULL,2,'Yes','Yes'),(45,1,'Cristie','Slack','crisla',NULL,'test',10,'Disabled','2014-12-06 03:16:03',NULL,2,'Yes','Yes'),(46,2,'Francina','Baros','frabar',NULL,'test',10,'Disabled','2014-12-06 03:16:03',NULL,2,'Yes','Yes'),(47,1,'Estell','Tarbox','esttar',NULL,'test',10,'Disabled','2014-12-06 03:16:03',NULL,2,'Yes','Yes'),(48,2,'Gennie','Rothfuss','genrot',NULL,'test',10,'Disabled','2014-12-06 03:16:03',NULL,2,'Yes','Yes'),(49,NULL,'Angelika','Declue','angdec',NULL,'test',10,'Disabled','2014-12-06 03:16:03',NULL,2,'Yes','Yes'),(50,NULL,'Shavonne','Scutt','shascu',NULL,'test',10,'Disabled','2014-12-06 03:16:03',NULL,2,'Yes','Yes'),(51,NULL,'Noelle','Majewski','noemaj',NULL,'test',10,'Disabled','2014-12-06 03:16:03',NULL,2,'Yes','Yes'),(52,NULL,'Laurice','Flor','lauflor',NULL,'test',10,'Disabled','2014-12-06 03:16:03',NULL,2,'Yes','Yes'),(53,NULL,'Annelle','Knipp','annkni',NULL,'test',10,'Disabled','2014-12-06 03:16:03',NULL,2,'Yes','Yes'),(54,NULL,'Jeffry','Mcelravy','jefmce',NULL,'test',10,'Disabled','2014-12-06 03:16:03',NULL,2,'Yes','Yes'),(55,NULL,'Marla','Krebs','markre',NULL,'test',10,'Disabled','2014-12-06 03:16:03',NULL,2,'Yes','Yes'),(56,NULL,'Elyse','Cisco','elycis',NULL,'test',10,'Disabled','2014-12-06 03:16:03',NULL,2,'Yes','Yes'),(57,NULL,'Ferne','Ladson','ferlad',NULL,'test',10,'Disabled','2014-12-06 03:16:03',NULL,2,'Yes','Yes'),(58,NULL,'Nicolette','Nissen','nicnis',NULL,'test',10,'Disabled','2014-12-06 03:16:03',NULL,2,'Yes','Yes'),(59,NULL,'Marielle','Pugsley','marpug',NULL,'test',10,'Disabled','2014-12-06 03:16:03',NULL,2,'Yes','Yes'),(60,NULL,'Rosy','Schiel','rossch',NULL,'test',10,'Disabled','2014-12-06 03:16:03',NULL,2,'Yes','Yes'),(61,NULL,'Marguerite','Plante','marpla',NULL,'test',10,'Disabled','2014-12-06 03:16:03',NULL,2,'Yes','Yes'),(62,NULL,'Janee','Delong','jandel',NULL,'test',10,'Disabled','2014-12-06 03:16:03',NULL,2,'Yes','Yes'),(63,NULL,'Krissy','Corl','kricor',NULL,'test',10,'Disabled','2014-12-06 03:16:03',NULL,2,'Yes','Yes'),(64,NULL,'Deetta','Rubi','deerub',NULL,'test',10,'Disabled','2014-12-06 03:16:03',NULL,2,'Yes','Yes'),(65,NULL,'Leanora','Nickle','leanic',NULL,'test',10,'Disabled','2014-12-06 03:16:03',NULL,2,'Yes','Yes'),(66,NULL,'Tana','Doyal','tandoy',NULL,'test',10,'Disabled','2014-12-06 03:16:03',NULL,2,'Yes','Yes'),(67,NULL,'Divina','Schober','divscho',NULL,'test',10,'Disabled','2014-12-06 03:16:03',NULL,2,'Yes','Yes'),(68,NULL,'Sarita','Hudman','sarhud',NULL,'test',10,'Disabled','2014-12-06 03:16:03',NULL,2,'Yes','Yes'),(69,NULL,'Judy','Shubert','judshu',NULL,'test',10,'Disabled','2014-12-06 03:16:03',NULL,2,'Yes','Yes'),(70,NULL,'Jarvis','Schooley','jarsch',NULL,'test',10,'Disabled','2014-12-06 03:16:03',NULL,2,'Yes','Yes'),(71,NULL,'Yer','Fabela','yerfab',NULL,'test',10,'Disabled','2014-12-06 03:16:03',NULL,2,'Yes','Yes'),(72,NULL,'Leonida','Grauer','leogra',NULL,'test',10,'Disabled','2014-12-06 03:16:03',NULL,2,'Yes','Yes'),(73,NULL,'Sammy','Sechrist','samsec',NULL,'test',10,'Disabled','2014-12-06 03:16:03',NULL,2,'Yes','Yes'),(74,NULL,'Silvia','Whang','silwha',NULL,'test',10,'Disabled','2014-12-06 03:16:03',NULL,2,'Yes','Yes'),(75,NULL,'Birdie','Olmos','birolm',NULL,'test',10,'Disabled','2014-12-06 03:16:03',NULL,2,'Yes','Yes'),(76,NULL,'Alysha','Tierney','alytie',NULL,'test',10,'Disabled','2014-12-06 03:16:03',NULL,2,'Yes','Yes'),(77,NULL,'Kellee','Bury','kelbur',NULL,'test',10,'Disabled','2014-12-06 03:16:03',NULL,2,'Yes','Yes'),(78,NULL,'Rosemary','Batten','rosbat',NULL,'test',10,'Disabled','2014-12-06 03:16:03',NULL,2,'Yes','Yes'),(79,NULL,'Damion','Arrigo','damarr',NULL,'test',10,'Disabled','2014-12-06 03:16:03',NULL,2,'Yes','Yes'),(80,NULL,'Abram','Barreiro','abrbar',NULL,'test',10,'Disabled','2014-12-06 03:16:03',NULL,2,'Yes','Yes'),(81,NULL,'Elida','Deak','elidea',NULL,'test',10,'Disabled','2014-12-06 03:16:03',NULL,2,'Yes','Yes'),(82,NULL,'Lenita','Baity','lenbai',NULL,'test',10,'Disabled','2014-12-06 03:16:03',NULL,2,'Yes','Yes'),(83,NULL,'Virgina','Templeton','virtem',NULL,'test',10,'Disabled','2014-12-06 03:16:03',NULL,2,'Yes','Yes'),(84,NULL,'Azzie','Mann','azzman',NULL,'test',10,'Disabled','2014-12-06 03:16:03',NULL,2,'Yes','Yes'),(85,NULL,'Pamella','Sheffey','pamshe',NULL,'test',10,'Disabled','2014-12-06 03:16:03',NULL,2,'Yes','Yes'),(86,NULL,'Lashandra','Winnie','laswin',NULL,'test',10,'Disabled','2014-12-06 03:16:03',NULL,2,'Yes','Yes'),(87,NULL,'Wilbert','Towle','wiltow',NULL,'test',10,'Disabled','2014-12-06 03:16:03',NULL,2,'Yes','Yes'),(88,NULL,'Mica','Shipley','micshi',NULL,'test',10,'Disabled','2014-12-06 03:16:03',NULL,2,'Yes','Yes'),(89,NULL,'Cassidy','Toupin','castou',NULL,'test',10,'Disabled','2014-12-06 03:16:03',NULL,2,'Yes','Yes'),(90,NULL,'Deloris','Marcil','delmar',NULL,'test',10,'Disabled','2014-12-06 03:16:03',NULL,2,'Yes','Yes'),(91,NULL,'Kathlyn','Shiba','katshi',NULL,'test',10,'Disabled','2014-12-06 03:16:03',NULL,2,'Yes','Yes'),(92,NULL,'Amira','Roberts','amirob',NULL,'test',10,'Disabled','2014-12-06 03:16:03',NULL,2,'Yes','Yes'),(93,NULL,'Tracee','Claudio','tracla',NULL,'test',10,'Disabled','2014-12-06 03:16:03',NULL,2,'Yes','Yes'),(95,NULL,'adlsfkj','adslkfjlkdsafj','adsflkj',NULL,'L6l1Hqk',1000,'Disabled','2014-12-07 01:59:10',NULL,2,'Yes','Yes'),(96,NULL,'John	','Besmer','adslfkj',NULL,'HMz0Xrb',10,'Disabled','2014-12-07 02:01:11',NULL,2,'Yes','Yes'),(97,NULL,'hans','hans','hans',NULL,'2Os9nd1',10,'Disabled','2014-12-07 12:02:21',NULL,2,'Yes','Yes'),(98,1,'adsf','asdf','asdf',NULL,'IfKwE0L',10,'Disabled','2014-12-08 22:01:19',NULL,2,'Yes','Yes'),(99,2,'asdF','adsF','saD',NULL,'1exkWnW',10,'Disabled','2014-12-08 23:10:07',NULL,2,'Yes','Yes');
/*!40000 ALTER TABLE `Employee` ENABLE KEYS */;
UNLOCK TABLES;

--
-- Table structure for table `EmploymentLevel`
--

DROP TABLE IF EXISTS `EmploymentLevel`;
/*!40101 SET @saved_cs_client     = @@character_set_client */;
/*!40101 SET character_set_client = utf8 */;
CREATE TABLE `EmploymentLevel` (
  `idEmploymentLevel` int(10) unsigned NOT NULL AUTO_INCREMENT,
  `idEmployee` int(10) unsigned NOT NULL,
  `begin` date NOT NULL,
  `end` date NOT NULL,
  `level` varchar(45) NOT NULL DEFAULT '0',
  `monday` time DEFAULT '00:00:00',
  `tuesday` time DEFAULT '00:00:00',
  `wednesday` time DEFAULT '00:00:00',
  `thursday` time DEFAULT '00:00:00',
  `friday` time DEFAULT '00:00:00',
  PRIMARY KEY (`idEmploymentLevel`)
) ENGINE=InnoDB AUTO_INCREMENT=8 DEFAULT CHARSET=utf8;
/*!40101 SET character_set_client = @saved_cs_client */;

--
-- Dumping data for table `EmploymentLevel`
--

LOCK TABLES `EmploymentLevel` WRITE;
/*!40000 ALTER TABLE `EmploymentLevel` DISABLE KEYS */;
INSERT INTO `EmploymentLevel` VALUES (7,1,'2014-06-01','2014-12-31','30','08:24:00','00:00:00','04:12:00','00:00:00','04:12:00');
/*!40000 ALTER TABLE `EmploymentLevel` ENABLE KEYS */;
UNLOCK TABLES;

--
-- Table structure for table `Holiday`
--

DROP TABLE IF EXISTS `Holiday`;
/*!40101 SET @saved_cs_client     = @@character_set_client */;
/*!40101 SET character_set_client = utf8 */;
CREATE TABLE `Holiday` (
  `idHoliday` int(11) unsigned NOT NULL AUTO_INCREMENT,
  `date` date NOT NULL,
  `name` varchar(45) NOT NULL,
  PRIMARY KEY (`idHoliday`),
  UNIQUE KEY `date_UNIQUE` (`date`)
) ENGINE=InnoDB AUTO_INCREMENT=11 DEFAULT CHARSET=utf8;
/*!40101 SET character_set_client = @saved_cs_client */;

--
-- Dumping data for table `Holiday`
--

LOCK TABLES `Holiday` WRITE;
/*!40000 ALTER TABLE `Holiday` DISABLE KEYS */;
INSERT INTO `Holiday` VALUES (1,'2014-12-24','Christmas Eve'),(2,'2014-12-25','Christmas Day'),(3,'2014-12-26','St. Stephen\'s Day'),(5,'2015-01-01','New Year\'s Day'),(10,'2014-12-31','New Year\'s Eve');
/*!40000 ALTER TABLE `Holiday` ENABLE KEYS */;
UNLOCK TABLES;

--
-- Table structure for table `Notes`
--

DROP TABLE IF EXISTS `Notes`;
/*!40101 SET @saved_cs_client     = @@character_set_client */;
/*!40101 SET character_set_client = utf8 */;
CREATE TABLE `Notes` (
  `idNotes` int(11) unsigned NOT NULL AUTO_INCREMENT,
  `idEmployee` int(11) unsigned NOT NULL,
  `date` datetime NOT NULL,
  `note` mediumtext NOT NULL,
  `creation` datetime NOT NULL DEFAULT CURRENT_TIMESTAMP,
  PRIMARY KEY (`idNotes`),
  KEY `FK_idEmployee_Notes_idx` (`idEmployee`),
  CONSTRAINT `FK_idEmployee_Notes` FOREIGN KEY (`idEmployee`) REFERENCES `Employee` (`idEmployee`) ON DELETE NO ACTION ON UPDATE NO ACTION
) ENGINE=InnoDB DEFAULT CHARSET=utf8;
/*!40101 SET character_set_client = @saved_cs_client */;

--
-- Dumping data for table `Notes`
--

LOCK TABLES `Notes` WRITE;
/*!40000 ALTER TABLE `Notes` DISABLE KEYS */;
/*!40000 ALTER TABLE `Notes` ENABLE KEYS */;
UNLOCK TABLES;

--
-- Table structure for table `WorkingHours`
--

DROP TABLE IF EXISTS `WorkingHours`;
/*!40101 SET @saved_cs_client     = @@character_set_client */;
/*!40101 SET character_set_client = utf8 */;
CREATE TABLE `WorkingHours` (
  `idWorkingHours` int(11) unsigned NOT NULL AUTO_INCREMENT,
  `idEmployee` int(11) unsigned NOT NULL,
  `begin` datetime NOT NULL,
  `end` datetime NOT NULL,
  PRIMARY KEY (`idWorkingHours`),
  KEY `FK_idEmployee_WorkingHours_idx` (`idEmployee`),
  CONSTRAINT `FK_idEmployee_WorkingHours` FOREIGN KEY (`idEmployee`) REFERENCES `Employee` (`idEmployee`) ON DELETE NO ACTION ON UPDATE NO ACTION
) ENGINE=InnoDB AUTO_INCREMENT=125 DEFAULT CHARSET=utf8;
/*!40101 SET character_set_client = @saved_cs_client */;

--
-- Dumping data for table `WorkingHours`
--

LOCK TABLES `WorkingHours` WRITE;
/*!40000 ALTER TABLE `WorkingHours` DISABLE KEYS */;
INSERT INTO `WorkingHours` VALUES (87,2,'2014-12-02 12:00:00','2014-12-02 14:32:00'),(98,1,'2014-12-03 07:30:00','2014-12-03 12:00:00'),(99,1,'2014-12-03 13:00:00','2014-12-03 19:00:00'),(100,1,'2014-12-04 08:30:00','2014-12-04 12:00:00'),(105,1,'2014-12-02 08:00:00','2014-12-02 12:00:00'),(106,1,'2014-12-02 13:00:00','2014-12-02 18:00:00'),(107,1,'2014-12-05 11:00:00','2014-12-05 14:00:00'),(108,1,'2014-12-05 15:00:00','2014-12-05 17:00:00'),(112,1,'2014-12-16 12:00:00','2014-12-16 14:00:00'),(118,1,'2014-12-09 12:00:00','2014-12-09 13:00:00'),(119,1,'2014-12-01 08:00:00','2014-12-01 12:00:00'),(120,1,'2014-12-01 13:00:00','2014-12-01 18:00:00'),(123,1,'2014-12-08 06:00:00','2014-12-08 12:00:00'),(124,1,'2014-12-08 17:00:00','2014-12-08 20:00:00');
/*!40000 ALTER TABLE `WorkingHours` ENABLE KEYS */;
UNLOCK TABLES;

--
-- Dumping routines for database 'fleXtime'
--
/*!50003 DROP FUNCTION IF EXISTS `GET_ABSENCE` */;
/*!50003 SET @saved_cs_client      = @@character_set_client */ ;
/*!50003 SET @saved_cs_results     = @@character_set_results */ ;
/*!50003 SET @saved_col_connection = @@collation_connection */ ;
/*!50003 SET character_set_client  = utf8 */ ;
/*!50003 SET character_set_results = utf8 */ ;
/*!50003 SET collation_connection  = utf8_general_ci */ ;
/*!50003 SET @saved_sql_mode       = @@sql_mode */ ;
/*!50003 SET sql_mode              = 'STRICT_TRANS_TABLES,NO_ENGINE_SUBSTITUTION' */ ;
DELIMITER ;;
CREATE DEFINER=`root`@`127.0.0.1` FUNCTION `GET_ABSENCE`(date DATE, id INT(11)) RETURNS varchar(45) CHARSET utf8
BEGIN
	DECLARE absence VARCHAR(45);
	SET absence = (SELECT type FROM Absences WHERE date BETWEEN begin AND end AND idEmployee = id AND status='Approved');
RETURN absence;
END ;;
DELIMITER ;
/*!50003 SET sql_mode              = @saved_sql_mode */ ;
/*!50003 SET character_set_client  = @saved_cs_client */ ;
/*!50003 SET character_set_results = @saved_cs_results */ ;
/*!50003 SET collation_connection  = @saved_col_connection */ ;
/*!50003 DROP FUNCTION IF EXISTS `GET_SCHEDULE` */;
/*!50003 SET @saved_cs_client      = @@character_set_client */ ;
/*!50003 SET @saved_cs_results     = @@character_set_results */ ;
/*!50003 SET @saved_col_connection = @@collation_connection */ ;
/*!50003 SET character_set_client  = utf8 */ ;
/*!50003 SET character_set_results = utf8 */ ;
/*!50003 SET collation_connection  = utf8_general_ci */ ;
/*!50003 SET @saved_sql_mode       = @@sql_mode */ ;
/*!50003 SET sql_mode              = 'STRICT_TRANS_TABLES,NO_ENGINE_SUBSTITUTION' */ ;
DELIMITER ;;
CREATE DEFINER=`root`@`127.0.0.1` FUNCTION `GET_SCHEDULE`(date DATE, id INT) RETURNS time
BEGIN
	DECLARE hours TIME;
    DECLARE weekday INT;
    SET weekday = (SELECT WEEKDAY(date));
    CASE weekday
    WHEN 0 THEN SET hours = (SELECT monday FROM EmploymentLevel WHERE idEmployee = id AND date BETWEEN begin AND end);
    WHEN 1 THEN SET hours = (SELECT tuesday FROM EmploymentLevel WHERE idEmployee = id AND date BETWEEN begin AND end);
    WHEN 2 THEN SET hours = (SELECT wednesday FROM EmploymentLevel WHERE idEmployee = id AND date BETWEEN begin AND end);
    WHEN 3 THEN SET hours = (SELECT thursday FROM EmploymentLevel WHERE idEmployee = id AND date BETWEEN begin AND end);
    WHEN 4 THEN SET hours = (SELECT friday FROM EmploymentLevel WHERE idEmployee = id AND date BETWEEN begin AND end);
    WHEN 5 THEN SET hours = NULL;
    WHEN 6 THEN SET hours = NULL;
	END CASE;
RETURN hours;
END ;;
DELIMITER ;
/*!50003 SET sql_mode              = @saved_sql_mode */ ;
/*!50003 SET character_set_client  = @saved_cs_client */ ;
/*!50003 SET character_set_results = @saved_cs_results */ ;
/*!50003 SET collation_connection  = @saved_col_connection */ ;
/*!50003 DROP FUNCTION IF EXISTS `NUM_OF_WEEKDAYS` */;
/*!50003 SET @saved_cs_client      = @@character_set_client */ ;
/*!50003 SET @saved_cs_results     = @@character_set_results */ ;
/*!50003 SET @saved_col_connection = @@collation_connection */ ;
/*!50003 SET character_set_client  = utf8 */ ;
/*!50003 SET character_set_results = utf8 */ ;
/*!50003 SET collation_connection  = utf8_general_ci */ ;
/*!50003 SET @saved_sql_mode       = @@sql_mode */ ;
/*!50003 SET sql_mode              = 'STRICT_TRANS_TABLES,NO_ENGINE_SUBSTITUTION' */ ;
DELIMITER ;;
CREATE DEFINER=`root`@`127.0.0.1` FUNCTION `NUM_OF_WEEKDAYS`(begin DATE, end DATE) RETURNS int(11)
BEGIN
	DECLARE days INT;
	SET days =(SELECT COUNT(*) FROM Calendar WHERE date BETWEEN begin AND end AND WEEKDAY(date) < 5);
	RETURN days;
END ;;
DELIMITER ;
/*!50003 SET sql_mode              = @saved_sql_mode */ ;
/*!50003 SET character_set_client  = @saved_cs_client */ ;
/*!50003 SET character_set_results = @saved_cs_results */ ;
/*!50003 SET collation_connection  = @saved_col_connection */ ;
/*!50003 DROP FUNCTION IF EXISTS `TIMEDIFF` */;
/*!50003 SET @saved_cs_client      = @@character_set_client */ ;
/*!50003 SET @saved_cs_results     = @@character_set_results */ ;
/*!50003 SET @saved_col_connection = @@collation_connection */ ;
/*!50003 SET character_set_client  = utf8 */ ;
/*!50003 SET character_set_results = utf8 */ ;
/*!50003 SET collation_connection  = utf8_general_ci */ ;
/*!50003 SET @saved_sql_mode       = @@sql_mode */ ;
/*!50003 SET sql_mode              = 'STRICT_TRANS_TABLES,NO_ENGINE_SUBSTITUTION' */ ;
DELIMITER ;;
CREATE DEFINER=`root`@`127.0.0.1` FUNCTION `TIMEDIFF`(time1 TIME, time2 TIME) RETURNS time
BEGIN
	DECLARE diff TIME;
    SET diff = SEC_TO_TIME(SUM(TIME_TO_SEC(time1)-TIME_TO_SEC(time2)));
RETURN diff;
END ;;
DELIMITER ;
/*!50003 SET sql_mode              = @saved_sql_mode */ ;
/*!50003 SET character_set_client  = @saved_cs_client */ ;
/*!50003 SET character_set_results = @saved_cs_results */ ;
/*!50003 SET collation_connection  = @saved_col_connection */ ;
/*!50003 DROP PROCEDURE IF EXISTS `FILLDATE` */;
/*!50003 SET @saved_cs_client      = @@character_set_client */ ;
/*!50003 SET @saved_cs_results     = @@character_set_results */ ;
/*!50003 SET @saved_col_connection = @@collation_connection */ ;
/*!50003 SET character_set_client  = utf8 */ ;
/*!50003 SET character_set_results = utf8 */ ;
/*!50003 SET collation_connection  = utf8_general_ci */ ;
/*!50003 SET @saved_sql_mode       = @@sql_mode */ ;
/*!50003 SET sql_mode              = 'STRICT_TRANS_TABLES,NO_ENGINE_SUBSTITUTION' */ ;
DELIMITER ;;
CREATE DEFINER=`root`@`127.0.0.1` PROCEDURE `FILLDATE`(dateStart DATE, dateEnd DATE)
BEGIN
	DROP TEMPORARY TABLE IF EXISTS AbsencesIntervals;
	CREATE TEMPORARY TABLE IF NOT EXISTS AbsencesIntervals(
		date DATE, description VARCHAR(45), hours INT(11)
    );
	WHILE dateStart <= dateEnd DO
        INSERT INTO AbsencesIntervals (date) VALUES (dateStart);
        SET dateStart = date_add(dateStart, INTERVAL 1 DAY);
      END WHILE;
END ;;
DELIMITER ;
/*!50003 SET sql_mode              = @saved_sql_mode */ ;
/*!50003 SET character_set_client  = @saved_cs_client */ ;
/*!50003 SET character_set_results = @saved_cs_results */ ;
/*!50003 SET collation_connection  = @saved_col_connection */ ;
/*!50003 DROP PROCEDURE IF EXISTS `FILLDATES` */;
/*!50003 SET @saved_cs_client      = @@character_set_client */ ;
/*!50003 SET @saved_cs_results     = @@character_set_results */ ;
/*!50003 SET @saved_col_connection = @@collation_connection */ ;
/*!50003 SET character_set_client  = utf8 */ ;
/*!50003 SET character_set_results = utf8 */ ;
/*!50003 SET collation_connection  = utf8_general_ci */ ;
/*!50003 SET @saved_sql_mode       = @@sql_mode */ ;
/*!50003 SET sql_mode              = 'STRICT_TRANS_TABLES,NO_ENGINE_SUBSTITUTION' */ ;
DELIMITER ;;
CREATE DEFINER=`root`@`127.0.0.1` PROCEDURE `FILLDATES`(dateStart DATE, dateEnd DATE)
BEGIN
	WHILE dateStart <= dateEnd DO
        INSERT INTO MyDates (mydate) VALUES (dateStart);
        SET dateStart = date_add(dateStart, INTERVAL 1 DAY);
      END WHILE;
END ;;
DELIMITER ;
/*!50003 SET sql_mode              = @saved_sql_mode */ ;
/*!50003 SET character_set_client  = @saved_cs_client */ ;
/*!50003 SET character_set_results = @saved_cs_results */ ;
/*!50003 SET collation_connection  = @saved_col_connection */ ;
/*!50003 DROP PROCEDURE IF EXISTS `fill_cal` */;
/*!50003 SET @saved_cs_client      = @@character_set_client */ ;
/*!50003 SET @saved_cs_results     = @@character_set_results */ ;
/*!50003 SET @saved_col_connection = @@collation_connection */ ;
/*!50003 SET character_set_client  = utf8 */ ;
/*!50003 SET character_set_results = utf8 */ ;
/*!50003 SET collation_connection  = utf8_general_ci */ ;
/*!50003 SET @saved_sql_mode       = @@sql_mode */ ;
/*!50003 SET sql_mode              = 'STRICT_TRANS_TABLES,NO_ENGINE_SUBSTITUTION' */ ;
DELIMITER ;;
CREATE DEFINER=`root`@`127.0.0.1` PROCEDURE `fill_cal`(start_date DATE, end_date DATE)
BEGIN
  DECLARE crt_date DATE;
  SET crt_date=start_date;
  WHILE crt_date < end_date DO
    INSERT INTO Calendar VALUES(crt_date);
    SET crt_date = ADDDATE(crt_date, INTERVAL 1 DAY);
  END WHILE;
END ;;
DELIMITER ;
/*!50003 SET sql_mode              = @saved_sql_mode */ ;
/*!50003 SET character_set_client  = @saved_cs_client */ ;
/*!50003 SET character_set_results = @saved_cs_results */ ;
/*!50003 SET collation_connection  = @saved_col_connection */ ;
/*!50003 DROP PROCEDURE IF EXISTS `fill_calendar` */;
/*!50003 SET @saved_cs_client      = @@character_set_client */ ;
/*!50003 SET @saved_cs_results     = @@character_set_results */ ;
/*!50003 SET @saved_col_connection = @@collation_connection */ ;
/*!50003 SET character_set_client  = utf8 */ ;
/*!50003 SET character_set_results = utf8 */ ;
/*!50003 SET collation_connection  = utf8_general_ci */ ;
/*!50003 SET @saved_sql_mode       = @@sql_mode */ ;
/*!50003 SET sql_mode              = 'STRICT_TRANS_TABLES,NO_ENGINE_SUBSTITUTION' */ ;
DELIMITER ;;
CREATE DEFINER=`root`@`127.0.0.1` PROCEDURE `fill_calendar`(start_date DATE, end_date DATE)
BEGIN
  DECLARE crt_date DATE;
  SET crt_date=start_date;
  WHILE crt_date < end_date DO
    INSERT INTO Calendar VALUES(crt_date);
    SET crt_date = ADDDATE(crt_date, INTERVAL 1 DAY);
  END WHILE;
END ;;
DELIMITER ;
/*!50003 SET sql_mode              = @saved_sql_mode */ ;
/*!50003 SET character_set_client  = @saved_cs_client */ ;
/*!50003 SET character_set_results = @saved_cs_results */ ;
/*!50003 SET collation_connection  = @saved_col_connection */ ;
/*!40103 SET TIME_ZONE=@OLD_TIME_ZONE */;

/*!40101 SET SQL_MODE=@OLD_SQL_MODE */;
/*!40014 SET FOREIGN_KEY_CHECKS=@OLD_FOREIGN_KEY_CHECKS */;
/*!40014 SET UNIQUE_CHECKS=@OLD_UNIQUE_CHECKS */;
/*!40101 SET CHARACTER_SET_CLIENT=@OLD_CHARACTER_SET_CLIENT */;
/*!40101 SET CHARACTER_SET_RESULTS=@OLD_CHARACTER_SET_RESULTS */;
/*!40101 SET COLLATION_CONNECTION=@OLD_COLLATION_CONNECTION */;
/*!40111 SET SQL_NOTES=@OLD_SQL_NOTES */;

-- Dump completed on 2014-12-09 15:35:20
